,Loss,NRMSE,FNFE,BNFE,Required_time
0,10.103578567504883,8.962608337402344,23107.0,0.0,59.79033899307251
1,0.8587597608566284,2.612959384918213,14705.0,0.0,60.490395069122314
2,0.7879651188850403,2.502939224243164,14705.0,0.0,62.48687148094177
3,0.38608798384666443,1.752023696899414,14705.0,0.0,63.51993680000305
4,0.16092336177825928,1.1311140060424805,14705.0,0.0,68.67661356925964
5,0.11133401095867157,0.9408290982246399,14705.0,0.0,62.58470392227173
6,0.09493111073970795,0.8687625527381897,14705.0,0.0,63.48573160171509
7,0.08531104028224945,0.8235679864883423,14705.0,0.0,62.99133229255676
8,0.0828552395105362,0.8116276264190674,14705.0,0.0,65.93949055671692
9,0.07976412028074265,0.7963438034057617,14705.0,0.0,66.26917672157288
10,0.07451964169740677,0.7697190046310425,14705.0,0.0,65.19056272506714
11,0.07226575911045074,0.7579893469810486,14705.0,0.0,64.38134789466858
12,0.07112302631139755,0.7519724369049072,14705.0,0.0,66.6604516506195
13,0.06946427375078201,0.743151843547821,14705.0,0.0,68.78887224197388
14,0.06791452318429947,0.734815239906311,14705.0,0.0,61.67261862754822
15,0.0662883073091507,0.7259643077850342,14705.0,0.0,60.74882912635803
16,0.06490804255008698,0.7183665037155151,14705.0,0.0,62.11963081359863
17,0.06401994079351425,0.7134351134300232,14705.0,0.0,62.608315229415894
18,0.06322305649518967,0.7089809775352478,14705.0,0.0,62.362082719802856
19,0.06246068328619003,0.7046933770179749,14705.0,0.0,62.897947549819946
20,0.06187226250767708,0.7013661861419678,14705.0,0.0,63.10232496261597
21,0.06133006885647774,0.6982863545417786,14705.0,0.0,61.336166858673096
22,0.060835205018520355,0.6954634785652161,14705.0,0.0,61.425209760665894
23,0.060384951531887054,0.6928850412368774,14705.0,0.0,61.11681818962097
24,0.059947479516267776,0.6903706192970276,14705.0,0.0,62.12482953071594
25,0.059531521052122116,0.687971293926239,14705.0,0.0,61.6840603351593
26,0.05912597104907036,0.6856239438056946,14705.0,0.0,60.864394664764404
27,0.058726489543914795,0.6833038330078125,14705.0,0.0,61.038628578186035
28,0.058332424610853195,0.681007444858551,14705.0,0.0,62.03903412818909
29,0.05793682858347893,0.6786942481994629,14705.0,0.0,61.20200157165527
30,0.057541944086551666,0.6763774156570435,14705.0,0.0,61.144956827163696
31,0.05714551359415054,0.6740434765815735,14705.0,0.0,60.537298917770386
32,0.05674818158149719,0.6716960668563843,14705.0,0.0,62.61819386482239
33,0.0563545823097229,0.6693626046180725,14705.0,0.0,60.93250274658203
34,0.055961448699235916,0.667023777961731,14705.0,0.0,61.471097469329834
35,0.05556916445493698,0.6646817922592163,14705.0,0.0,61.81545376777649
36,0.055177222937345505,0.6623335480690002,14705.0,0.0,62.86799430847168
37,0.0547785758972168,0.6599365472793579,14705.0,0.0,61.78651309013367
38,0.05437847971916199,0.6575220823287964,14705.0,0.0,62.07022404670715
39,0.0539788194000721,0.6551013588905334,14705.0,0.0,61.34513974189758
40,0.05356881022453308,0.6526086330413818,14705.0,0.0,62.511274099349976
41,0.0531548336148262,0.6500821113586426,14705.0,0.0,62.40171265602112
42,0.052728909999132156,0.6474723815917969,14705.0,0.0,60.885796785354614
43,0.052282292395830154,0.644724428653717,14705.0,0.0,61.616438150405884
44,0.05182551220059395,0.6419018507003784,14705.0,0.0,62.459373474121094
45,0.05134253576397896,0.638903796672821,14705.0,0.0,64.85058212280273
46,0.05084272474050522,0.6357864141464233,14705.0,0.0,61.956010580062866
47,0.05032651498913765,0.6325505971908569,14705.0,0.0,62.128366470336914
48,0.049792539328336716,0.6291858553886414,14705.0,0.0,62.64579463005066
49,0.04925219342112541,0.6257626414299011,14705.0,0.0,62.93743705749512
50,0.04869193956255913,0.6221933364868164,14705.0,0.0,68.43187832832336
51,0.04813035577535629,0.6185949444770813,14705.0,0.0,66.75630497932434
52,0.04755079001188278,0.6148592233657837,14705.0,0.0,62.90043377876282
53,0.04696524888277054,0.6110618114471436,14705.0,0.0,62.673277854919434
54,0.046349264681339264,0.6070412993431091,14705.0,0.0,60.809040546417236
55,0.04572024568915367,0.6029080748558044,14705.0,0.0,64.39868116378784
56,0.04505195468664169,0.59848552942276,14705.0,0.0,62.301491022109985
57,0.04435735195875168,0.5938538908958435,14705.0,0.0,61.37978196144104
58,0.04363350570201874,0.5889886021614075,14705.0,0.0,62.52421426773071
59,0.04289475083351135,0.5839812159538269,14705.0,0.0,63.58518862724304
60,0.04213884472846985,0.578812837600708,14705.0,0.0,62.6397066116333
61,0.041376542299985886,0.5735535025596619,14705.0,0.0,61.141401052474976
62,0.04060283303260803,0.56816565990448,14705.0,0.0,61.82676434516907
63,0.03980771824717522,0.5625750422477722,14705.0,0.0,62.34759473800659
64,0.03901580721139908,0.5569511651992798,14705.0,0.0,61.98810172080994
65,0.03824276477098465,0.5514059662818909,14705.0,0.0,63.06125593185425
66,0.03748276084661484,0.5458993911743164,14705.0,0.0,64.9528398513794
67,0.03675510361790657,0.5405746102333069,14705.0,0.0,64.6389799118042
68,0.03607196733355522,0.5355274677276611,14705.0,0.0,62.866984367370605
69,0.03543524071574211,0.5307799577713013,14705.0,0.0,62.41109085083008
70,0.034848593175411224,0.5263679623603821,14705.0,0.0,63.0874457359314
71,0.03429776430130005,0.5221914052963257,14705.0,0.0,62.91286611557007
72,0.033793289214372635,0.518336832523346,14705.0,0.0,62.41437768936157
73,0.03331080079078674,0.5146231651306152,14705.0,0.0,63.81247353553772
74,0.03284610062837601,0.5110210180282593,14705.0,0.0,63.6560800075531
75,0.03240010142326355,0.507539689540863,14705.0,0.0,61.208991289138794
76,0.03196415677666664,0.5041136741638184,14705.0,0.0,60.96676993370056
77,0.03153591975569725,0.5007253289222717,14705.0,0.0,61.54295563697815
78,0.0311140064150095,0.49736452102661133,14705.0,0.0,65.58525538444519
79,0.03069842979311943,0.49403178691864014,14705.0,0.0,63.69730544090271
80,0.030289730057120323,0.4907321631908417,14705.0,0.0,67.78021144866943
81,0.029884833842515945,0.48744121193885803,14705.0,0.0,69.8553352355957
82,0.029483046382665634,0.4841534197330475,14705.0,0.0,63.81319713592529
83,0.02908451482653618,0.4808700680732727,14705.0,0.0,62.55163788795471
84,0.028689110651612282,0.4775901436805725,14705.0,0.0,62.169440507888794
85,0.028297562152147293,0.4743198752403259,14705.0,0.0,63.590224742889404
86,0.027908435091376305,0.4710473418235779,14705.0,0.0,65.2244439125061
87,0.02752256952226162,0.46777963638305664,14705.0,0.0,63.34916353225708
88,0.027140062302350998,0.4645176827907562,14705.0,0.0,61.31628346443176
89,0.02676071785390377,0.4612599015235901,14705.0,0.0,61.967560052871704
90,0.02638150192797184,0.45798006653785706,14705.0,0.0,61.77445125579834
91,0.025996927171945572,0.4546297490596771,14705.0,0.0,62.32783341407776
92,0.025569269433617592,0.45087483525276184,14705.0,0.0,62.11866497993469
93,0.02502964809536934,0.44609177112579346,14705.0,0.0,62.712751388549805
94,0.024491075426340103,0.4412662982940674,14705.0,0.0,63.01259446144104
95,0.024062195792794228,0.43738558888435364,14705.0,0.0,61.34536957740784
96,0.02363687939941883,0.43350279331207275,14705.0,0.0,62.18878626823425
97,0.023212432861328125,0.42959296703338623,14705.0,0.0,60.658451318740845
98,0.022792069241404533,0.4256853461265564,14705.0,0.0,61.78840780258179
99,0.022378185763955116,0.4218026101589203,14705.0,0.0,61.81700921058655
100,0.021967845037579536,0.41791749000549316,14705.0,0.0,62.1329345703125
101,0.021561872214078903,0.4140378534793854,14705.0,0.0,61.62237906455994
102,0.021160665899515152,0.41016772389411926,14705.0,0.0,63.29086875915527
103,0.020756516605615616,0.40623193979263306,14705.0,0.0,61.47055792808533
104,0.020345602184534073,0.40219077467918396,14705.0,0.0,62.02405047416687
105,0.019929179921746254,0.3980535864830017,14705.0,0.0,63.2788302898407
106,0.019509190693497658,0.39383694529533386,14705.0,0.0,61.37906289100647
107,0.019087426364421844,0.38955655694007874,14705.0,0.0,61.7783043384552
108,0.01866742968559265,0.3852468430995941,14705.0,0.0,61.404141426086426
109,0.01824917457997799,0.3809065520763397,14705.0,0.0,62.8761522769928
110,0.01783403940498829,0.3765491545200348,14705.0,0.0,60.40130829811096
111,0.017430128529667854,0.3722606301307678,14705.0,0.0,61.455965757369995
112,0.01703648269176483,0.3680330216884613,14705.0,0.0,60.95656371116638
113,0.016643771901726723,0.36376649141311646,14705.0,0.0,61.43980860710144
114,0.016240796074271202,0.3593357801437378,14705.0,0.0,61.4103102684021
115,0.015802815556526184,0.35445740818977356,14705.0,0.0,61.87303686141968
116,0.015312309376895428,0.3489130139350891,14705.0,0.0,62.41547679901123
117,0.014820178970694542,0.3432602882385254,14705.0,0.0,60.98532509803772
118,0.014316067099571228,0.33737173676490784,14705.0,0.0,61.330342054367065
119,0.01381637156009674,0.3314315378665924,14705.0,0.0,61.1795928478241
120,0.013270427472889423,0.32481738924980164,14705.0,0.0,61.03723883628845
121,0.012687193229794502,0.317599356174469,14705.0,0.0,61.42004346847534
122,0.012092389166355133,0.3100650906562805,14705.0,0.0,61.18657732009888
123,0.011525146663188934,0.302705317735672,14705.0,0.0,60.74893498420715
124,0.01096695102751255,0.2952839136123657,14705.0,0.0,61.838919162750244
125,0.01044309139251709,0.28814518451690674,14705.0,0.0,63.05517816543579
126,0.009935932233929634,0.2810613512992859,14705.0,0.0,65.61426854133606
127,0.009469063952565193,0.2743786573410034,14705.0,0.0,64.2379858493805
128,0.009035777300596237,0.2680276334285736,14705.0,0.0,64.22117447853088
129,0.008655130863189697,0.2623213529586792,14705.0,0.0,62.58083748817444
130,0.008313246071338654,0.25708821415901184,14705.0,0.0,60.92911243438721
131,0.008007626049220562,0.25231829285621643,14705.0,0.0,60.06739687919617
132,0.007724196650087833,0.2478126585483551,14705.0,0.0,61.65866255760193
133,0.007463717367500067,0.24359840154647827,14705.0,0.0,61.71692514419556
134,0.00721807312220335,0.239556223154068,14705.0,0.0,61.71487236022949
135,0.006988942623138428,0.2357233315706253,14705.0,0.0,62.14273428916931
136,0.006770978681743145,0.23201847076416016,14705.0,0.0,66.11492419242859
137,0.0065658316016197205,0.22847658395767212,14705.0,0.0,61.70977187156677
138,0.006370792631059885,0.22505754232406616,14705.0,0.0,63.356945753097534
139,0.006184965837746859,0.22175094485282898,14705.0,0.0,65.08419370651245
140,0.006005210801959038,0.21850478649139404,14705.0,0.0,62.96834659576416
141,0.005830318666994572,0.21529947221279144,14705.0,0.0,66.68918585777283
142,0.005661632400006056,0.21216203272342682,14705.0,0.0,59.906031370162964
143,0.0054979887790977955,0.20907337963581085,14705.0,0.0,62.804500102996826
144,0.005339283496141434,0.20603372156620026,14705.0,0.0,59.901474952697754
145,0.005187478382140398,0.20308366417884827,14705.0,0.0,61.67372155189514
146,0.005041801370680332,0.2002118080854416,14705.0,0.0,62.58400249481201
147,0.004902444779872894,0.1974254697561264,14705.0,0.0,64.59935998916626
148,0.004768173675984144,0.1947031021118164,14705.0,0.0,61.036381483078
149,0.004638900514692068,0.19204559922218323,14705.0,0.0,61.491344928741455
150,0.0045145791955292225,0.18945473432540894,14705.0,0.0,66.18627119064331
151,0.004395195748656988,0.1869329810142517,14705.0,0.0,66.79961514472961
152,0.004283037967979908,0.18453246355056763,14705.0,0.0,60.10900378227234
153,0.004175980109721422,0.18221160769462585,14705.0,0.0,61.10665512084961
154,0.0040735965594649315,0.179964080452919,14705.0,0.0,62.18707060813904
155,0.003976010251790285,0.1777954250574112,14705.0,0.0,64.50397062301636
156,0.003882909892126918,0.17570149898529053,14705.0,0.0,67.46349549293518
157,0.003794978139922023,0.17370066046714783,14705.0,0.0,64.70147633552551
158,0.0037123493384569883,0.17179924249649048,14705.0,0.0,64.36030578613281
159,0.0036331668961793184,0.16995717585086823,14705.0,0.0,64.72313213348389
160,0.0035567283630371094,0.16815979778766632,14705.0,0.0,62.622777223587036
161,0.0034831829834729433,0.1664121299982071,14705.0,0.0,60.51273012161255
162,0.0034120779018849134,0.1647048145532608,14705.0,0.0,61.85558605194092
163,0.0033430468756705523,0.16303019225597382,14705.0,0.0,60.737608432769775
164,0.0032760072499513626,0.16138726472854614,14705.0,0.0,64.74996900558472
165,0.0032109138555824757,0.15977585315704346,14705.0,0.0,59.85374593734741
166,0.0031474516727030277,0.15818902850151062,14705.0,0.0,61.59487748146057
167,0.0030854791402816772,0.1566239297389984,14705.0,0.0,63.97982573509216
168,0.0030229242984205484,0.15502811968326569,14705.0,0.0,62.58900475502014
169,0.0029623338486999273,0.1534665822982788,14705.0,0.0,63.03204894065857
170,0.0029032384045422077,0.1519281268119812,14705.0,0.0,63.84688067436218
171,0.002845172304660082,0.15040113031864166,14705.0,0.0,64.29701089859009
172,0.0027886261232197285,0.14889906346797943,14705.0,0.0,62.78829574584961
173,0.0027334075421094894,0.14741748571395874,14705.0,0.0,62.93930220603943
174,0.0026792020071297884,0.14594846963882446,14705.0,0.0,61.67171573638916
175,0.002626371569931507,0.14450235664844513,14705.0,0.0,62.09659504890442
176,0.00257487827911973,0.1430787593126297,14705.0,0.0,62.40192675590515
177,0.0025244152639061213,0.14166978001594543,14705.0,0.0,62.63560962677002
178,0.002474983688443899,0.14027588069438934,14705.0,0.0,60.80034780502319
179,0.002426689025014639,0.1389005333185196,14705.0,0.0,61.586092710494995
180,0.002379464451223612,0.13754235208034515,14705.0,0.0,62.823143005371094
181,0.002332867356017232,0.13618893921375275,14705.0,0.0,63.02473497390747
182,0.0022872069384902716,0.13484956324100494,14705.0,0.0,62.4873161315918
183,0.0022424482740461826,0.1335235983133316,14705.0,0.0,61.558290004730225
184,0.0021985697094351053,0.13221080601215363,14705.0,0.0,60.625895977020264
185,0.002155641559511423,0.13091370463371277,14705.0,0.0,62.611499309539795
186,0.002113615395501256,0.12963128089904785,14705.0,0.0,60.82102346420288
187,0.0020723300985991955,0.12835898995399475,14705.0,0.0,60.791733264923096
188,0.002031769137829542,0.12709662318229675,14705.0,0.0,61.85491466522217
189,0.0019918333273380995,0.12584133446216583,14705.0,0.0,61.44860863685608
190,0.001952532446011901,0.12459366023540497,14705.0,0.0,61.214089155197144
191,0.0019140159711241722,0.12335865199565887,14705.0,0.0,61.2037615776062
192,0.001876265974715352,0.12213609367609024,14705.0,0.0,63.04189443588257
193,0.0018391814082860947,0.12092305719852448,14705.0,0.0,62.62525010108948
194,0.001802730024792254,0.1197187528014183,14705.0,0.0,61.42817568778992
195,0.001766986446455121,0.11852594465017319,14705.0,0.0,61.90561509132385
196,0.0017318999161943793,0.11734327673912048,14705.0,0.0,62.87707781791687
197,0.0016966344555839896,0.11614244431257248,14705.0,0.0,62.142701387405396
198,0.0016621373360976577,0.11495564132928848,14705.0,0.0,61.14516878128052
199,0.0016287969192489982,0.11379686743021011,14705.0,0.0,61.20276212692261
200,0.0015964352060109377,0.11266070604324341,14705.0,0.0,66.37813353538513
201,0.0015648622065782547,0.11154108494520187,14705.0,0.0,62.78718185424805
202,0.0015341849066317081,0.11044236272573471,14705.0,0.0,64.72305583953857
203,0.0015045192558318377,0.10936936736106873,14705.0,0.0,61.37293338775635
204,0.0014757452299818397,0.10831847041845322,14705.0,0.0,61.87728309631348
205,0.0014478066004812717,0.10728823393583298,14705.0,0.0,64.10009503364563
206,0.001420664251782,0.10627780109643936,14705.0,0.0,63.50524377822876
207,0.0013942698715254664,0.10528591275215149,14705.0,0.0,61.93116760253906
208,0.0013686189195141196,0.10431291908025742,14705.0,0.0,65.25049304962158
209,0.0013436689041554928,0.10335773229598999,14705.0,0.0,62.7030463218689
210,0.0013194330967962742,0.1024213507771492,14705.0,0.0,62.46700978279114
211,0.0012958828592672944,0.10150319337844849,14705.0,0.0,62.00637435913086
212,0.0012730148155242205,0.1006036102771759,14705.0,0.0,61.879384994506836
213,0.001250754576176405,0.09972014278173447,14705.0,0.0,61.21815872192383
214,0.0012291144812479615,0.0988537147641182,14705.0,0.0,61.95970702171326
215,0.0012080721789970994,0.09800387918949127,14705.0,0.0,64.24970817565918
216,0.0011876228963956237,0.0971708744764328,14705.0,0.0,65.07147455215454
217,0.0011677518486976624,0.09635452181100845,14705.0,0.0,61.410221576690674
218,0.001148395356722176,0.09555260837078094,14705.0,0.0,61.565019369125366
219,0.0011294069699943066,0.09475934505462646,14705.0,0.0,60.90900444984436
220,0.0011108268518000841,0.09397666156291962,14705.0,0.0,61.63798189163208
221,0.0010927083203569055,0.09320709109306335,14705.0,0.0,67.61208438873291
222,0.0010750489309430122,0.09245085716247559,14705.0,0.0,67.92100286483765
223,0.0010578265646472573,0.09170733392238617,14705.0,0.0,62.115506172180176
224,0.0010410146787762642,0.09097567200660706,14705.0,0.0,63.25035119056702
225,0.0010246980236843228,0.09025988727807999,14705.0,0.0,65.10712313652039
226,0.001008798135444522,0.08955688029527664,14705.0,0.0,67.94411492347717
227,0.0009932161774486303,0.08886253833770752,14705.0,0.0,61.65633296966553
228,0.0009780200198292732,0.08818012475967407,14705.0,0.0,61.36701965332031
229,0.0009632909786887467,0.08751360327005386,14705.0,0.0,63.22849941253662
230,0.0009490154916420579,0.0868627279996872,14705.0,0.0,63.335593461990356
231,0.00093507842393592,0.08622254431247711,14705.0,0.0,61.940085887908936
232,0.0009214682504534721,0.08559275418519974,14705.0,0.0,60.21050572395325
233,0.0009081798489205539,0.08497335016727448,14705.0,0.0,61.793824195861816
234,0.0008952055941335857,0.08436420559883118,14705.0,0.0,61.37865853309631
235,0.0008825761033222079,0.08376698940992355,14705.0,0.0,62.892863750457764
236,0.0008702956256456673,0.08318216353654861,14705.0,0.0,61.5438392162323
237,0.0008583161979913712,0.0826076939702034,14705.0,0.0,61.52534246444702
238,0.0008466389263048768,0.0820438340306282,14705.0,0.0,61.32172346115112
239,0.0008353013545274734,0.08149264752864838,14705.0,0.0,61.99513626098633
240,0.0008243113989010453,0.08095477521419525,14705.0,0.0,62.24698758125305
241,0.0008136312244459987,0.08042862266302109,14705.0,0.0,64.28859972953796
242,0.0008032547193579376,0.07991410791873932,14705.0,0.0,69.41693544387817
243,0.0007930719293653965,0.07940596342086792,14705.0,0.0,73.77755379676819
244,0.0007831899565644562,0.07890969514846802,14705.0,0.0,61.99534320831299
245,0.0007736387196928263,0.07842706143856049,14705.0,0.0,61.465635538101196
246,0.0007643688004463911,0.07795577496290207,14705.0,0.0,61.98445987701416
247,0.0007554045296274126,0.07749731093645096,14705.0,0.0,63.95882511138916
248,0.0007467438699677587,0.07705178111791611,14705.0,0.0,64.17611646652222
249,0.0007383499178104103,0.07661749422550201,14705.0,0.0,64.16039967536926
250,0.000730205443687737,0.07619374990463257,14705.0,0.0,64.29280924797058
251,0.0007223436259664595,0.07578247040510178,14705.0,0.0,67.9194905757904
252,0.000714727386366576,0.07538188993930817,14705.0,0.0,62.41897702217102
253,0.0007073990418575704,0.07499443739652634,14705.0,0.0,61.529786348342896
254,0.0007003365317359567,0.07461913675069809,14705.0,0.0,62.98523950576782
255,0.0006935204146429896,0.07425513118505478,14705.0,0.0,61.82937550544739
256,0.0006869486533105373,0.07390247285366058,14705.0,0.0,62.3557345867157
257,0.0006806633318774402,0.0735636055469513,14705.0,0.0,64.82374787330627
258,0.0006746024591848254,0.07323535531759262,14705.0,0.0,62.03807783126831
259,0.0006687777349725366,0.07291850447654724,14705.0,0.0,61.713794231414795
260,0.0006631977157667279,0.0726136639714241,14705.0,0.0,60.4990496635437
261,0.0006578924367204309,0.07232263684272766,14705.0,0.0,60.5444917678833
262,0.0006529010715894401,0.07204776257276535,14705.0,0.0,61.36221647262573
263,0.0006481792661361396,0.07178676873445511,14705.0,0.0,61.279600858688354
264,0.000643764273263514,0.07154186815023422,14705.0,0.0,60.87347626686096
265,0.0006396124954335392,0.07131079584360123,14705.0,0.0,62.05570125579834
266,0.0006357574602589011,0.07109557092189789,14705.0,0.0,62.09870505332947
267,0.0006322721019387245,0.07090042531490326,14705.0,0.0,62.89329290390015
268,0.0006291379686444998,0.0707244798541069,14705.0,0.0,62.11250162124634
269,0.0006263970863074064,0.07057025283575058,14705.0,0.0,63.635098695755005
270,0.0006240495713427663,0.07043789327144623,14705.0,0.0,63.15858578681946
271,0.0006221494404599071,0.07033057510852814,14705.0,0.0,63.5064811706543
272,0.0006207646219991148,0.07025226205587387,14705.0,0.0,64.32362723350525
273,0.0006199576891958714,0.07020658254623413,14705.0,0.0,66.45948553085327
274,0.0006197508191689849,0.07019487023353577,14705.0,0.0,63.18711733818054
275,0.0006202062359079719,0.07022065669298172,14705.0,0.0,59.89666271209717
276,0.0006213953020051122,0.07028793543577194,14705.0,0.0,63.02386951446533
277,0.0006233436288312078,0.07039804011583328,14705.0,0.0,62.49600291252136
278,0.0006260834634304047,0.07055258750915527,14705.0,0.0,61.77488994598389
279,0.0006171500426717103,0.07004743069410324,14705.0,0.0,67.38930201530457
280,0.0005804838729090989,0.06793473660945892,14705.0,0.0,67.91943955421448
281,0.0005817353958263993,0.0680079311132431,14705.0,0.0,63.4967098236084
282,0.0005723448120988905,0.06745679676532745,14705.0,0.0,63.18252515792847
283,0.0005732864374294877,0.06751226633787155,14705.0,0.0,68.21016001701355
284,0.0005658748559653759,0.06707443296909332,14705.0,0.0,64.00927329063416
285,0.0005669804522767663,0.06713992357254028,14705.0,0.0,64.1314332485199
286,0.0005617733113467693,0.06683091074228287,14705.0,0.0,60.393478870391846
287,0.0005624910700134933,0.06687359511852264,14705.0,0.0,61.03995871543884
288,0.0005590696819126606,0.06666989624500275,14705.0,0.0,62.558393478393555
289,0.0005594276008196175,0.06669123470783234,14705.0,0.0,62.10353946685791
290,0.0005569738568738103,0.06654481589794159,14705.0,0.0,62.02763390541077
291,0.0005570987705141306,0.06655228137969971,14705.0,0.0,61.775649070739746
292,0.0005552422953769565,0.06644129753112793,14705.0,0.0,64.78967070579529
293,0.0005551014910452068,0.06643287092447281,14705.0,0.0,62.538695096969604
294,0.0005536499666050076,0.06634595990180969,14705.0,0.0,61.32278299331665
295,0.0005533067742362618,0.06632538884878159,14705.0,0.0,61.23857808113098
296,0.0005520813283510506,0.06625190377235413,14705.0,0.0,62.72169589996338
297,0.000551623641513288,0.06622443348169327,14705.0,0.0,64.2281665802002
298,0.0005505308508872986,0.06615880131721497,14705.0,0.0,63.87345600128174
299,0.0005499947583302855,0.06612658500671387,14705.0,0.0,64.61650156974792
300,0.0005489974282681942,0.06606660038232803,14705.0,0.0,63.16409778594971
301,0.0005483925924636424,0.06603020429611206,14705.0,0.0,62.075085401535034
302,0.0005474743084050715,0.0659748911857605,14705.0,0.0,61.728914737701416
303,0.0005468337913043797,0.06593628972768784,14705.0,0.0,64.11741209030151
304,0.0005459600943140686,0.0658835917711258,14705.0,0.0,64.35853791236877
305,0.0005452920449897647,0.06584326922893524,14705.0,0.0,61.45557355880737
306,0.0005444581620395184,0.06579291075468063,14705.0,0.0,61.169926404953
307,0.0005437702056951821,0.0657513290643692,14705.0,0.0,63.28737473487854
308,0.0005429636221379042,0.06570254266262054,14705.0,0.0,60.54804301261902
309,0.00054226687643677,0.06566037237644196,14705.0,0.0,63.316489458084106
310,0.0005414772895164788,0.0656125545501709,14705.0,0.0,62.232444047927856
311,0.0005407789722084999,0.06557023525238037,14705.0,0.0,63.10000777244568
312,0.0005400045192800462,0.06552326679229736,14705.0,0.0,62.89575695991516
313,0.0005393102765083313,0.06548113375902176,14705.0,0.0,62.042724609375
314,0.000538546999450773,0.0654347762465477,14705.0,0.0,62.23984503746033
315,0.0005378480418585241,0.06539230048656464,14705.0,0.0,60.27707505226135
316,0.0005370986182242632,0.06534673273563385,14705.0,0.0,61.24979567527771
317,0.0005364023963920772,0.06530436128377914,14705.0,0.0,62.20682191848755
318,0.0005356691544875503,0.06525970995426178,14705.0,0.0,61.68465542793274
319,0.0005349713610485196,0.06521718949079514,14705.0,0.0,61.637619972229004
320,0.000534254068043083,0.06517345458269119,14705.0,0.0,62.104769706726074
321,0.0005335528403520584,0.06513067334890366,14705.0,0.0,62.2038516998291
322,0.000532842765096575,0.06508731842041016,14705.0,0.0,62.02608895301819
323,0.0005321550415828824,0.0650452971458435,14705.0,0.0,62.687682151794434
324,0.0005314524751156569,0.06500235199928284,14705.0,0.0,62.66618299484253
325,0.0005307717365212739,0.06496070325374603,14705.0,0.0,60.70646834373474
326,0.0005300749326124787,0.06491804867982864,14705.0,0.0,63.70933556556702
327,0.0005293951835483313,0.06487641483545303,14705.0,0.0,67.08345985412598
328,0.0005287108360789716,0.06483446061611176,14705.0,0.0,61.43723797798157
329,0.0005280288751237094,0.06479264050722122,14705.0,0.0,60.00935649871826
330,0.0005273471469990909,0.0647507980465889,14705.0,0.0,61.7217903137207
331,0.0005266666994430125,0.06470900774002075,14705.0,0.0,62.859233379364014
332,0.0005259850295260549,0.06466712057590485,14705.0,0.0,62.58424186706543
333,0.000525311625096947,0.06462571024894714,14705.0,0.0,62.98267698287964
334,0.0005246430519036949,0.06458457559347153,14705.0,0.0,63.88219952583313
335,0.0005239695310592651,0.06454310566186905,14705.0,0.0,65.3672981262207
336,0.0005233073607087135,0.0645023062825203,14705.0,0.0,61.30195093154907
337,0.0005226375651545823,0.06446101516485214,14705.0,0.0,62.86683440208435
338,0.0005219803424552083,0.06442046910524368,14705.0,0.0,64.73905968666077
339,0.0005213249241933227,0.06438001245260239,14705.0,0.0,61.235814332962036
340,0.000520669505931437,0.0643395334482193,14705.0,0.0,61.08444857597351
341,0.0005200204905122519,0.06429941952228546,14705.0,0.0,62.704137325286865
342,0.0005193689139559865,0.0642591267824173,14705.0,0.0,65.49616289138794
343,0.0005187272327020764,0.0642194151878357,14705.0,0.0,62.98518896102905
344,0.0005180875305086374,0.06417980790138245,14705.0,0.0,61.67063117027283
345,0.0005174512043595314,0.06414037942886353,14705.0,0.0,63.245022773742676
346,0.0005168112693354487,0.0641007050871849,14705.0,0.0,64.99430251121521
347,0.0005161854205653071,0.06406188011169434,14705.0,0.0,63.48473048210144
348,0.0005155549151822925,0.0640227422118187,14705.0,0.0,64.95674443244934
349,0.0005149336066097021,0.06398415565490723,14705.0,0.0,62.86579203605652
350,0.0005143128801137209,0.06394557654857635,14705.0,0.0,61.029290199279785
351,0.0005136957624927163,0.0639072060585022,14705.0,0.0,61.15461492538452
352,0.0005130814388394356,0.06386897712945938,14705.0,0.0,62.05220985412598
353,0.0005124734598211944,0.06383112818002701,14705.0,0.0,62.03194618225098
354,0.0005118661792948842,0.06379330158233643,14705.0,0.0,66.66683411598206
355,0.0005112583166919649,0.06375540792942047,14705.0,0.0,63.31037902832031
356,0.0005106610478833318,0.06371815502643585,14705.0,0.0,61.03295636177063
357,0.0005100584821775556,0.06368055194616318,14705.0,0.0,63.33608031272888
358,0.00050946488045156,0.06364348530769348,14705.0,0.0,66.96396279335022
359,0.000508870929479599,0.0636063739657402,14705.0,0.0,62.750707387924194
360,0.0005082798306830227,0.06356941908597946,14705.0,0.0,61.554518699645996
361,0.0005076936795376241,0.063532754778862,14705.0,0.0,61.67640566825867
362,0.0005071088089607656,0.06349615007638931,14705.0,0.0,66.88623809814453
363,0.0005065314471721649,0.06345999240875244,14705.0,0.0,64.81906294822693
364,0.0005059498944319785,0.06342355906963348,14705.0,0.0,62.787108421325684
365,0.0005053718341514468,0.06338731199502945,14705.0,0.0,65.08299803733826
366,0.0005047988379374146,0.06335137039422989,14705.0,0.0,65.89601731300354
367,0.0005042391130700707,0.0633162409067154,14705.0,0.0,63.53349804878235
368,0.0005036697839386761,0.06328047811985016,14705.0,0.0,62.49378180503845
369,0.0005031078471802175,0.06324516981840134,14705.0,0.0,62.47919178009033
370,0.0005025424179621041,0.06320962309837341,14705.0,0.0,60.25598621368408
371,0.0005019878735765815,0.06317473948001862,14705.0,0.0,61.805769205093384
372,0.0005014295456930995,0.06313959509134293,14705.0,0.0,63.51254081726074
373,0.0005008815205655992,0.06310508400201797,14705.0,0.0,65.77577519416809
374,0.0005003348924219608,0.0630706399679184,14705.0,0.0,63.22560477256775
375,0.0004997826763428748,0.06303582340478897,14705.0,0.0,62.359023332595825
376,0.0004992428002879024,0.06300176680088043,14705.0,0.0,63.54148507118225
377,0.0004987040883861482,0.06296776980161667,14705.0,0.0,61.281612396240234
378,0.000498163397423923,0.06293362379074097,14705.0,0.0,63.01926946640015
379,0.0004976239870302379,0.06289954483509064,14705.0,0.0,64.22986626625061
380,0.0004970928421244025,0.0628659650683403,14705.0,0.0,65.42136693000793
381,0.0004965596599504352,0.06283223628997803,14705.0,0.0,66.99019861221313
382,0.0004960267106071115,0.06279851496219635,14705.0,0.0,63.30470013618469
383,0.0004955026088282466,0.06276532262563705,14705.0,0.0,63.2637300491333
384,0.0004949759459123015,0.06273195892572403,14705.0,0.0,65.82404613494873
385,0.0004944556276313961,0.06269898265600204,14705.0,0.0,65.07446360588074
386,0.000493929663207382,0.06266562640666962,14705.0,0.0,64.2498733997345
387,0.0004934165626764297,0.06263306736946106,14705.0,0.0,63.220097064971924
388,0.0004928978160023689,0.06260013580322266,14705.0,0.0,61.46977877616882
389,0.0004923812812194228,0.0625673234462738,14705.0,0.0,61.861722230911255
390,0.0004918720806017518,0.06253496557474136,14705.0,0.0,60.85275053977966
391,0.0004913604352623224,0.0625024288892746,14705.0,0.0,65.53636527061462
392,0.0004908619448542595,0.06247071921825409,14705.0,0.0,62.62262010574341
393,0.0004903565859422088,0.06243855133652687,14705.0,0.0,61.45839881896973
394,0.0004898518091067672,0.06240640953183174,14705.0,0.0,63.75193166732788
395,0.0004893543082289398,0.06237470731139183,14705.0,0.0,62.08457350730896
396,0.0004888555267825723,0.062342915683984756,14705.0,0.0,61.5420663356781
397,0.0004883623914793134,0.062311459332704544,14705.0,0.0,62.9202766418457
398,0.000487869925564155,0.06228003650903702,14705.0,0.0,61.84340262413025
399,0.0004873742873314768,0.06224839389324188,14705.0,0.0,62.20549654960632
400,0.00048688892275094986,0.062217388302087784,14705.0,0.0,62.7053644657135
401,0.00048640178283676505,0.06218625605106354,14705.0,0.0,64.24124121665955
402,0.0004859160690102726,0.06215519830584526,14705.0,0.0,60.38305473327637
403,0.0004854341095779091,0.06212436407804489,14705.0,0.0,60.572431802749634
404,0.0004849571851082146,0.06209384277462959,14705.0,0.0,60.421144247055054
405,0.00048447848530486226,0.06206318736076355,14705.0,0.0,61.65313792228699
406,0.00048399920342490077,0.06203247979283333,14705.0,0.0,62.268091440200806
407,0.00048352550948038697,0.062002118676900864,14705.0,0.0,63.18344974517822
408,0.00048305303789675236,0.061971817165613174,14705.0,0.0,61.634413957595825
409,0.00048257847083732486,0.06194136664271355,14705.0,0.0,62.016648054122925
410,0.0004821089969482273,0.06191123276948929,14705.0,0.0,61.62263035774231
411,0.0004816437140107155,0.06188134849071503,14705.0,0.0,63.227256774902344
412,0.000481180555652827,0.06185159087181091,14705.0,0.0,64.53989052772522
413,0.00048071681521832943,0.06182177737355232,14705.0,0.0,64.32992792129517
414,0.00048025272553786635,0.06179192662239075,14705.0,0.0,62.79061245918274
415,0.0004798024892807007,0.06176295503973961,14705.0,0.0,64.1912932395935
416,0.0004793331609107554,0.06173274293541908,14705.0,0.0,64.93173861503601
417,0.0004788861551787704,0.06170395016670227,14705.0,0.0,62.52594757080078
418,0.00047842515050433576,0.061674244701862335,14705.0,0.0,61.88165807723999
419,0.00047797936713322997,0.0616455040872097,14705.0,0.0,63.60805416107178
420,0.00047752950922586024,0.06161648780107498,14705.0,0.0,62.542776107788086
421,0.00047707947669550776,0.06158744543790817,14705.0,0.0,63.320801973342896
422,0.0004766379133798182,0.06155893951654434,14705.0,0.0,66.46376609802246
423,0.0004761941672768444,0.061530277132987976,14705.0,0.0,64.92627000808716
424,0.0004757481219712645,0.06150145083665848,14705.0,0.0,64.54778409004211
425,0.0004753079265356064,0.06147299334406853,14705.0,0.0,64.98018145561218
426,0.0004748687206301838,0.06144458428025246,14705.0,0.0,61.73305368423462
427,0.00047442541108466685,0.061415895819664,14705.0,0.0,61.47732973098755
428,0.0004739920550491661,0.061387840658426285,14705.0,0.0,61.983293533325195
429,0.0004735591937787831,0.06135980412364006,14705.0,0.0,61.859917402267456
430,0.00047312708920799196,0.06133180111646652,14705.0,0.0,63.23816990852356
431,0.0004726875922642648,0.061303310096263885,14705.0,0.0,61.56797385215759
432,0.0004722572339233011,0.06127539649605751,14705.0,0.0,62.17675566673279
433,0.0004718277486972511,0.06124752759933472,14705.0,0.0,62.82271695137024
434,0.00047139902017079294,0.06121969595551491,14705.0,0.0,62.24420642852783
435,0.00047097253263927996,0.061191994696855545,14705.0,0.0,63.363792419433594
436,0.00047054552123881876,0.0611642487347126,14705.0,0.0,60.32089042663574
437,0.00047012526192702353,0.06113693118095398,14705.0,0.0,63.177509784698486
438,0.00046970005496405065,0.0611092746257782,14705.0,0.0,63.415677309036255
439,0.0004692769725807011,0.061081744730472565,14705.0,0.0,62.80537724494934
440,0.00046885423944331706,0.061054229736328125,14705.0,0.0,63.48637342453003
441,0.0004684345331043005,0.06102689355611801,14705.0,0.0,62.82062029838562
442,0.0004680175334215164,0.06099972501397133,14705.0,0.0,61.65835165977478
443,0.00046759797260165215,0.06097237765789032,14705.0,0.0,63.151708126068115
444,0.00046718696830794215,0.060945577919483185,14705.0,0.0,64.69536209106445
445,0.000466770026832819,0.06091837212443352,14705.0,0.0,61.845712423324585
446,0.0004663656582124531,0.06089198216795921,14705.0,0.0,61.56901264190674
447,0.00046595101593993604,0.06086490675806999,14705.0,0.0,62.88612914085388
448,0.0004655561060644686,0.06083910912275314,14705.0,0.0,62.34985113143921
449,0.00046514286077581346,0.060812100768089294,14705.0,0.0,61.44051671028137
450,0.0004647357272915542,0.060785479843616486,14705.0,0.0,61.778202056884766
451,0.0004643416032195091,0.06075970083475113,14705.0,0.0,62.0589485168457
452,0.00046393537195399404,0.060733117163181305,14705.0,0.0,63.5316801071167
453,0.0004635371151380241,0.06070704385638237,14705.0,0.0,63.10360264778137
454,0.0004631451447494328,0.06068136915564537,14705.0,0.0,62.2937126159668
455,0.0004627433081623167,0.06065504252910614,14705.0,0.0,62.88741374015808
456,0.0004623522108886391,0.060629405081272125,14705.0,0.0,60.67327666282654
457,0.00046195657341741025,0.06060345843434334,14705.0,0.0,63.22129678726196
458,0.0004615596553776413,0.06057741492986679,14705.0,0.0,61.62007784843445
459,0.0004611796757671982,0.06055247411131859,14705.0,0.0,63.96895241737366
460,0.0004607872979249805,0.060526710003614426,14705.0,0.0,63.395461320877075
461,0.00046039256267249584,0.06050078198313713,14705.0,0.0,65.02829313278198
462,0.0004600081010721624,0.060475513339042664,14705.0,0.0,63.52061605453491
463,0.00045962221338413656,0.06045014038681984,14705.0,0.0,62.013388872146606
464,0.00045924121513962746,0.060425080358982086,14705.0,0.0,62.7514066696167
465,0.00045886525185778737,0.0604003444314003,14705.0,0.0,63.00070905685425
466,0.0004584777634590864,0.06037483736872673,14705.0,0.0,65.41519284248352
467,0.0004580956301651895,0.06034966930747032,14705.0,0.0,63.98672890663147
468,0.00045772045268677175,0.06032495200634003,14705.0,0.0,63.13869881629944
469,0.0004573407641146332,0.06029992550611496,14705.0,0.0,63.802112340927124
470,0.00045696477172896266,0.060275133699178696,14705.0,0.0,63.96834468841553
471,0.0004565842973534018,0.06025003641843796,14705.0,0.0,63.02730202674866
472,0.00045621395111083984,0.06022559478878975,14705.0,0.0,63.05136227607727
473,0.00045584506005980074,0.060201242566108704,14705.0,0.0,63.47643065452576
474,0.0004554719780571759,0.06017659977078438,14705.0,0.0,62.25193190574646
475,0.00045510457130149007,0.0601523257791996,14705.0,0.0,63.82711720466614
476,0.0004547378921415657,0.06012808904051781,14705.0,0.0,62.600215435028076
477,0.00045436969958245754,0.06010374054312706,14705.0,0.0,60.47984170913696
478,0.00045400307863019407,0.06007948890328407,14705.0,0.0,60.780564069747925
479,0.00045364550896920264,0.060055822134017944,14705.0,0.0,63.992539167404175
480,0.0004532798193395138,0.06003161519765854,14705.0,0.0,63.39422559738159
481,0.0004529232101049274,0.06000799313187599,14705.0,0.0,64.54416298866272
482,0.0004525628755800426,0.05998412147164345,14705.0,0.0,63.22937488555908
483,0.00045220949687063694,0.05996069684624672,14705.0,0.0,63.649651527404785
484,0.0004518513451330364,0.059936948120594025,14705.0,0.0,63.18887734413147
485,0.0004514915926847607,0.05991308018565178,14705.0,0.0,61.91210746765137
486,0.0004511320439632982,0.05988921970129013,14705.0,0.0,63.50854563713074
487,0.00045078262337483466,0.05986602231860161,14705.0,0.0,63.769134759902954
488,0.00045042484998703003,0.05984226241707802,14705.0,0.0,62.74908256530762
489,0.0004500757495407015,0.059819068759679794,14705.0,0.0,62.084815979003906
490,0.0004497300833463669,0.05979609116911888,14705.0,0.0,61.38942837715149
491,0.00044937763595953584,0.05977265536785126,14705.0,0.0,60.90220665931702
492,0.00044902850640937686,0.059749431908130646,14705.0,0.0,61.12555551528931
493,0.0004486817924771458,0.05972636118531227,14705.0,0.0,63.018311738967896
494,0.00044833216816186905,0.05970308557152748,14705.0,0.0,62.96569585800171
495,0.0004479863273445517,0.05968005582690239,14705.0,0.0,65.36312770843506
496,0.00044764121412299573,0.059657059609889984,14705.0,0.0,63.10071039199829
497,0.000447296304628253,0.059634074568748474,14705.0,0.0,62.545310258865356
498,0.0004469558480195701,0.059611376374959946,14705.0,0.0,61.531414270401
499,0.00044660642743110657,0.05958806723356247,14705.0,0.0,62.419670820236206
500,0.00044626492308452725,0.059565283358097076,14705.0,0.0,61.06842112541199
501,0.00044592557242140174,0.05954262986779213,14705.0,0.0,61.447296142578125
502,0.0004455873277038336,0.059520043432712555,14705.0,0.0,63.113741874694824
503,0.0004452439025044441,0.059497103095054626,14705.0,0.0,63.00995349884033
504,0.0004449108673725277,0.059474848210811615,14705.0,0.0,61.76641893386841
505,0.00044456985779106617,0.05945204943418503,14705.0,0.0,63.83134317398071
506,0.0004442320205271244,0.05942945554852486,14705.0,0.0,63.3163583278656
507,0.00044389418326318264,0.05940685421228409,14705.0,0.0,62.43034648895264
508,0.000443565018940717,0.059384822845458984,14705.0,0.0,62.93713641166687
509,0.00044322796748019755,0.0593622587621212,14705.0,0.0,62.56005120277405
510,0.0004428960382938385,0.05934002250432968,14705.0,0.0,64.00988435745239
511,0.0004425702500157058,0.05931819602847099,14705.0,0.0,61.46167039871216
512,0.0004422393103595823,0.05929601192474365,14705.0,0.0,60.83512306213379
513,0.00044190711923874915,0.05927373841404915,14705.0,0.0,62.29151153564453
514,0.00044158328091725707,0.05925201624631882,14705.0,0.0,64.04456973075867
515,0.00044125597923994064,0.059230051934719086,14705.0,0.0,62.26634168624878
516,0.00044093598262406886,0.059208571910858154,14705.0,0.0,61.744590044021606
517,0.0004406055377330631,0.059186384081840515,14705.0,0.0,63.446181297302246
518,0.00044028228148818016,0.05916466563940048,14705.0,0.0,64.04706287384033
519,0.0004399590252432972,0.05914294347167015,14705.0,0.0,65.0820300579071
520,0.0004396411532070488,0.05912157520651817,14705.0,0.0,62.93306040763855
521,0.000439316441770643,0.05909973755478859,14705.0,0.0,64.29967951774597
522,0.0004390024987515062,0.05907861515879631,14705.0,0.0,62.219648122787476
523,0.0004386809596326202,0.059056978672742844,14705.0,0.0,62.0093309879303
524,0.0004383689374662936,0.05903597176074982,14705.0,0.0,60.26037931442261
525,0.00043804646702483296,0.059014253318309784,14705.0,0.0,63.01564621925354
526,0.000437730283010751,0.05899295210838318,14705.0,0.0,62.76710033416748
527,0.00043740886030718684,0.058971285820007324,14705.0,0.0,64.48060774803162
528,0.0004370967799331993,0.05895024910569191,14705.0,0.0,65.79789137840271
529,0.00043678347719833255,0.058929115533828735,14705.0,0.0,65.1375823020935
530,0.0004364684282336384,0.05890785902738571,14705.0,0.0,66.17114877700806
531,0.00043615419417619705,0.05888665094971657,14705.0,0.0,64.1641697883606
532,0.00043583987280726433,0.05886542797088623,14705.0,0.0,61.21656775474548
533,0.000435524620115757,0.05884413421154022,14705.0,0.0,64.52048182487488
534,0.0004352090763859451,0.058822814375162125,14705.0,0.0,66.43086862564087
535,0.00043489481322467327,0.058801572769880295,14705.0,0.0,62.03876829147339
536,0.0004345880006439984,0.05878082662820816,14705.0,0.0,66.90441226959229
537,0.00043427111813798547,0.05875939503312111,14705.0,0.0,64.30538439750671
538,0.0004339582228567451,0.05873822048306465,14705.0,0.0,68.23662185668945
539,0.0004336494894232601,0.05871732160449028,14705.0,0.0,63.94421124458313
540,0.00043333350913599133,0.05869592726230621,14705.0,0.0,61.760162115097046
541,0.00043302992708049715,0.058675363659858704,14705.0,0.0,62.3993501663208
542,0.00043271752656437457,0.058654192835092545,14705.0,0.0,63.44976782798767
543,0.00043240515515208244,0.05863301828503609,14705.0,0.0,62.343345165252686
544,0.00043209167779423296,0.05861176177859306,14705.0,0.0,63.63957643508911
545,0.00043178541818633676,0.05859098583459854,14705.0,0.0,65.65825843811035
546,0.00043147834367118776,0.058570150285959244,14705.0,0.0,61.6764018535614
547,0.0004311748780310154,0.05854954943060875,14705.0,0.0,62.56902718544006
548,0.0004308554925955832,0.058527860790491104,14705.0,0.0,64.40120935440063
549,0.0004305439069867134,0.058506693691015244,14705.0,0.0,60.87566828727722
550,0.0004302412853576243,0.058486130088567734,14705.0,0.0,62.33846426010132
551,0.00042993194074369967,0.05846509709954262,14705.0,0.0,63.452739000320435
552,0.00042962003499269485,0.058443885296583176,14705.0,0.0,61.534831047058105
553,0.00042931787902489305,0.05842332914471626,14705.0,0.0,61.083038091659546
554,0.00042901220149360597,0.05840252712368965,14705.0,0.0,61.32292699813843
555,0.0004287053016014397,0.05838163569569588,14705.0,0.0,62.75567150115967
556,0.0004283961025066674,0.05836057662963867,14705.0,0.0,63.09556555747986
557,0.00042809516889974475,0.058340076357126236,14705.0,0.0,61.182300329208374
558,0.00042779400246217847,0.05831955000758171,14705.0,0.0,61.48686099052429
559,0.000427487917477265,0.058298684656620026,14705.0,0.0,62.62726926803589
560,0.0004271829966455698,0.05827788636088371,14705.0,0.0,63.303996324539185
561,0.0004268782213330269,0.058257095515728,14705.0,0.0,62.67566537857056
562,0.00042658051825128496,0.058236777782440186,14705.0,0.0,65.51026344299316
563,0.00042627548100426793,0.05821595340967178,14705.0,0.0,63.155170917510986
564,0.0004259881970938295,0.058196332305669785,14705.0,0.0,64.4547028541565
565,0.0004256780375726521,0.05817514285445213,14705.0,0.0,62.63534474372864
566,0.00042538391426205635,0.05815504118800163,14705.0,0.0,62.15564489364624
567,0.00042507442412897944,0.05813388153910637,14705.0,0.0,61.314618825912476
568,0.00042478987597860396,0.058114420622587204,14705.0,0.0,62.12833023071289
569,0.0004244828596711159,0.05809341371059418,14705.0,0.0,62.30421304702759
570,0.000424184778239578,0.0580730140209198,14705.0,0.0,62.269904375076294
571,0.0004238886176608503,0.05805273726582527,14705.0,0.0,63.28968095779419
572,0.00042359880171716213,0.058032888919115067,14705.0,0.0,63.17036843299866
573,0.00042329906136728823,0.058012351393699646,14705.0,0.0,60.795552492141724
574,0.00042300866334699094,0.05799245089292526,14705.0,0.0,61.156999826431274
575,0.00042272210703231394,0.057972803711891174,14705.0,0.0,62.74534225463867
576,0.00042242472409270704,0.057952407747507095,14705.0,0.0,61.180076122283936
577,0.0004221332783345133,0.05793241411447525,14705.0,0.0,62.55773854255676
578,0.00042184581980109215,0.057912684977054596,14705.0,0.0,64.24377799034119
579,0.0004215557128190994,0.05789276957511902,14705.0,0.0,62.81500864028931
580,0.00042127911001443863,0.05787377431988716,14705.0,0.0,62.31095838546753
581,0.0004209828039165586,0.05785341560840607,14705.0,0.0,65.16509699821472
582,0.00042069231858476996,0.05783345177769661,14705.0,0.0,64.79432964324951
583,0.000420412456151098,0.05781421437859535,14705.0,0.0,63.073742151260376
584,0.00042012371704913676,0.05779435485601425,14705.0,0.0,63.21846532821655
585,0.00041984301060438156,0.057775042951107025,14705.0,0.0,62.47458529472351
586,0.0004195569490548223,0.05775535851716995,14705.0,0.0,62.28572916984558
587,0.0004192825290374458,0.05773646757006645,14705.0,0.0,61.497965812683105
588,0.0004189985920675099,0.057716917246580124,14705.0,0.0,65.5545403957367
589,0.00041870976565405726,0.05769701674580574,14705.0,0.0,65.68743515014648
590,0.00041843560757115483,0.05767812579870224,14705.0,0.0,64.6847128868103
591,0.0004181480035185814,0.057658299803733826,14705.0,0.0,63.41062879562378
592,0.0004178727976977825,0.05763932317495346,14705.0,0.0,62.69676232337952
593,0.00041759162559174,0.05761992931365967,14705.0,0.0,63.63717699050903
594,0.0004173157794866711,0.05760089308023453,14705.0,0.0,66.04668951034546
595,0.0004170332686044276,0.05758139491081238,14705.0,0.0,62.104777097702026
596,0.0004167528823018074,0.05756203457713127,14705.0,0.0,62.28059267997742
597,0.00041648009209893644,0.05754319205880165,14705.0,0.0,63.40647912025452
598,0.0004162013647146523,0.0575239323079586,14705.0,0.0,62.50270962715149
599,0.00041592930210754275,0.05750512704253197,14705.0,0.0,61.937949657440186
600,0.00041564492858015,0.057485468685626984,14705.0,0.0,65.29709005355835
601,0.00041537274955771863,0.057466644793748856,14705.0,0.0,63.5336754322052
602,0.0004150924796704203,0.05744725093245506,14705.0,0.0,64.6173141002655
603,0.0004148177686147392,0.05742824077606201,14705.0,0.0,62.33304047584534
604,0.00041454131132923067,0.057409100234508514,14705.0,0.0,62.49550533294678
605,0.00041427213000133634,0.05739045888185501,14705.0,0.0,61.190263986587524
606,0.00041399471228942275,0.057371240109205246,14705.0,0.0,60.87127137184143
607,0.00041373205021955073,0.05735303834080696,14705.0,0.0,59.903985261917114
608,0.0004134575428906828,0.05733400583267212,14705.0,0.0,60.72678256034851
609,0.0004131871392019093,0.05731525272130966,14705.0,0.0,64.80018591880798
610,0.0004129073931835592,0.057295847684144974,14705.0,0.0,62.87408804893494
611,0.00041263544699177146,0.057276979088783264,14705.0,0.0,62.071528673172
612,0.0004123714752495289,0.05725865438580513,14705.0,0.0,63.36714696884155
613,0.00041210101335309446,0.057239871472120285,14705.0,0.0,63.23339533805847
614,0.00041183200664818287,0.0572211891412735,14705.0,0.0,63.55680537223816
615,0.0004115538322366774,0.05720186233520508,14705.0,0.0,62.74706983566284
616,0.00041129469173029065,0.057183846831321716,14705.0,0.0,62.542644739151
617,0.0004110248701181263,0.05716508626937866,14705.0,0.0,68.48899865150452
618,0.0004107612185180187,0.05714675039052963,14705.0,0.0,69.47082328796387
619,0.000410488253692165,0.057127758860588074,14705.0,0.0,65.79026913642883
620,0.0004102226230315864,0.057109273970127106,14705.0,0.0,73.29851698875427
621,0.0004099540819879621,0.057090576738119125,14705.0,0.0,61.95598006248474
622,0.00040968769462779164,0.057072024792432785,14705.0,0.0,61.69361925125122
623,0.00040941411862149835,0.057052966207265854,14705.0,0.0,63.8417534828186
624,0.00040914450073614717,0.05703417584300041,14705.0,0.0,63.02650308609009
625,0.00040888594230636954,0.05701615288853645,14705.0,0.0,61.851404428482056
626,0.0004086180997546762,0.056997474282979965,14705.0,0.0,60.66643023490906
627,0.0004083520616404712,0.056978918612003326,14705.0,0.0,62.04814028739929
628,0.0004080929793417454,0.05696083977818489,14705.0,0.0,61.062429428100586
629,0.0004078258643858135,0.05694219470024109,14705.0,0.0,61.724480628967285
630,0.00040755048394203186,0.05692296847701073,14705.0,0.0,61.29392457008362
631,0.00040729358443059027,0.056905023753643036,14705.0,0.0,63.474905252456665
632,0.0004070284776389599,0.05688650161027908,14705.0,0.0,62.20028781890869
633,0.00040675950003787875,0.056867700070142746,14705.0,0.0,61.2553436756134
634,0.0004065009707119316,0.05684962496161461,14705.0,0.0,64.03379988670349
635,0.0004062285297550261,0.056830573827028275,14705.0,0.0,65.15376305580139
636,0.00040596636245027184,0.05681223049759865,14705.0,0.0,67.50403881072998
637,0.0004056984616909176,0.05679348483681679,14705.0,0.0,65.04641890525818
638,0.0004054444725625217,0.05677570402622223,14705.0,0.0,62.83195996284485
639,0.0004051809082739055,0.05675724521279335,14705.0,0.0,62.33108830451965
640,0.0004049227572977543,0.056739162653684616,14705.0,0.0,60.747462034225464
641,0.0004046632384415716,0.056720975786447525,14705.0,0.0,60.10365915298462
642,0.0004043942899443209,0.05670212581753731,14705.0,0.0,62.738266706466675
643,0.0004041312786284834,0.05668368190526962,14705.0,0.0,64.69188785552979
644,0.0004038806655444205,0.05666610598564148,14705.0,0.0,63.44585824012756
645,0.0004036134050693363,0.05664735287427902,14705.0,0.0,61.97618079185486
646,0.0004033642471767962,0.056629862636327744,14705.0,0.0,63.89252519607544
647,0.0004031058051623404,0.056611720472574234,14705.0,0.0,63.36407113075256
648,0.000402835983550176,0.05659276992082596,14705.0,0.0,62.1929452419281
649,0.00040258653461933136,0.05657524615526199,14705.0,0.0,61.5629026889801
650,0.0004023233486805111,0.05655675008893013,14705.0,0.0,63.825700521469116
651,0.00040208781138062477,0.05654019117355347,14705.0,0.0,63.51710104942322
652,0.0004018225590698421,0.05652153864502907,14705.0,0.0,64.38103890419006
653,0.0004015626909676939,0.056503262370824814,14705.0,0.0,62.94293451309204
654,0.0004013091675005853,0.05648541823029518,14705.0,0.0,65.41319704055786
655,0.0004010580014437437,0.05646774172782898,14705.0,0.0,63.36560106277466
656,0.0004008001124020666,0.056449584662914276,14705.0,0.0,63.52182674407959
657,0.0004005430673714727,0.05643147975206375,14705.0,0.0,62.46373391151428
658,0.0004002909117843956,0.056413713842630386,14705.0,0.0,61.89336919784546
659,0.0004000457120127976,0.05639643222093582,14705.0,0.0,63.311824560165405
660,0.0003997840394731611,0.05637798458337784,14705.0,0.0,62.088300943374634
661,0.0003995477163698524,0.05636132135987282,14705.0,0.0,61.74193024635315
662,0.0003992909623775631,0.056343208998441696,14705.0,0.0,63.348573207855225
663,0.0003990336263086647,0.056325048208236694,14705.0,0.0,63.56274104118347
664,0.0003987948875874281,0.05630819499492645,14705.0,0.0,61.41346311569214
665,0.00039853883208706975,0.05629011616110802,14705.0,0.0,62.9485182762146
666,0.0003982962225563824,0.05627297982573509,14705.0,0.0,63.41974639892578
667,0.00039804651169106364,0.05625533685088158,14705.0,0.0,62.12764859199524
668,0.0003977865562774241,0.05623696744441986,14705.0,0.0,62.29440951347351
669,0.0003975449944846332,0.05621988698840141,14705.0,0.0,65.37002801895142
670,0.00039730328717269003,0.05620279163122177,14705.0,0.0,62.47436547279358
671,0.0003970450779888779,0.05618452653288841,14705.0,0.0,62.520925998687744
672,0.0003968111122958362,0.05616797134280205,14705.0,0.0,62.092193365097046
673,0.00039656757144257426,0.056150734424591064,14705.0,0.0,61.14817500114441
674,0.00039631352410651743,0.05613274499773979,14705.0,0.0,61.3995246887207
675,0.00039606905193068087,0.05611542984843254,14705.0,0.0,61.673558712005615
676,0.00039583450416103005,0.0560988113284111,14705.0,0.0,62.26971912384033
677,0.00039557769196107984,0.05608060956001282,14705.0,0.0,64.243581533432
678,0.00039534264942631125,0.0560639463365078,14705.0,0.0,63.09804344177246
679,0.0003950901736970991,0.05604604259133339,14705.0,0.0,63.371607065200806
680,0.00039484555600211024,0.056028686463832855,14705.0,0.0,63.394145488739014
681,0.00039460990228690207,0.05601196736097336,14705.0,0.0,63.245856046676636
682,0.00039437488885596395,0.055995285511016846,14705.0,0.0,61.11671447753906
683,0.0003941273898817599,0.055977713316679,14705.0,0.0,62.400967597961426
684,0.0003938991576433182,0.055961500853300095,14705.0,0.0,62.65204620361328
685,0.0003936481662094593,0.05594366788864136,14705.0,0.0,62.510802030563354
686,0.00039339493378065526,0.05592567101120949,14705.0,0.0,151.25417709350586
687,0.00039317947812378407,0.05591035261750221,14705.0,0.0,201.15485739707947
688,0.0003929374797735363,0.05589314550161362,14705.0,0.0,206.16764426231384
689,0.0003927103243768215,0.05587698891758919,14705.0,0.0,231.74136924743652
690,0.0003924692573491484,0.05585983395576477,14705.0,0.0,400.5417249202728
691,0.00039222720079123974,0.05584260821342468,14705.0,0.0,433.02100825309753
692,0.000392003043089062,0.05582664534449577,14705.0,0.0,440.8650667667389
693,0.000391755806049332,0.05580903962254524,14705.0,0.0,248.86733770370483
694,0.0003915390116162598,0.05579359456896782,14705.0,0.0,202.43086171150208
695,0.00039131223456934094,0.05577743425965309,14705.0,0.0,203.63018083572388
696,0.00039107748307287693,0.0557607002556324,14705.0,0.0,197.27465200424194
697,0.00039084797026589513,0.055744338780641556,14705.0,0.0,207.52756643295288
698,0.00039060384733602405,0.055726926773786545,14705.0,0.0,209.63875699043274
699,0.0003903880133293569,0.0557115264236927,14705.0,0.0,199.9041543006897
700,0.00039016810478642583,0.05569583550095558,14705.0,0.0,183.81519961357117
701,0.000389950379030779,0.0556802898645401,14705.0,0.0,182.85379242897034
702,0.00038973664049990475,0.0556650273501873,14705.0,0.0,192.21942377090454
703,0.0003895121917594224,0.05564899742603302,14705.0,0.0,192.72211074829102
704,0.0003892997920047492,0.055633824318647385,14705.0,0.0,191.4545338153839
705,0.00038907170528545976,0.055617522448301315,14705.0,0.0,183.74702429771423
706,0.00038884597597643733,0.05560138821601868,14705.0,0.0,178.51489639282227
707,0.0003886187041644007,0.05558513477444649,14705.0,0.0,178.96124505996704
708,0.0003884054603986442,0.055569883435964584,14705.0,0.0,178.37512016296387
709,0.00038818418397568166,0.05555405467748642,14705.0,0.0,183.73507404327393
710,0.0003879682335536927,0.0555385984480381,14705.0,0.0,182.14829325675964
711,0.0003877684357576072,0.05552429333329201,14705.0,0.0,184.3777847290039
712,0.0003875621478073299,0.055509522557258606,14705.0,0.0,192.23579788208008
713,0.00038736456190235913,0.05549537390470505,14705.0,0.0,187.955411195755
714,0.00038716528797522187,0.05548109486699104,14705.0,0.0,188.73709988594055
715,0.00038695670082233846,0.055466149002313614,14705.0,0.0,184.97191619873047
716,0.0003867671184707433,0.055452559143304825,14705.0,0.0,177.4015142917633
717,0.0003865573089569807,0.055437516421079636,14705.0,0.0,179.7703411579132
718,0.0003863468882627785,0.055422425270080566,14705.0,0.0,174.30942225456238
719,0.00038614627555944026,0.05540803447365761,14705.0,0.0,192.42330622673035
720,0.0003859676653519273,0.0553952194750309,14705.0,0.0,65.68320345878601
721,0.0003857820120174438,0.0553818941116333,14705.0,0.0,63.10158061981201
722,0.00038559726090170443,0.055368632078170776,14705.0,0.0,65.09298181533813
723,0.00038541818503290415,0.055355776101350784,14705.0,0.0,66.73490238189697
724,0.000385230261599645,0.05534227564930916,14705.0,0.0,68.85196805000305
725,0.000385065795853734,0.055330462753772736,14705.0,0.0,62.886056661605835
726,0.0003848889609798789,0.05531775578856468,14705.0,0.0,64.86259055137634
727,0.00038472207961604,0.05530576407909393,14705.0,0.0,62.40058755874634
728,0.00038454800960607827,0.0552932508289814,14705.0,0.0,62.751673221588135
729,0.00038438051706179976,0.05528120696544647,14705.0,0.0,65.42815089225769
730,0.00038423307705670595,0.05527060478925705,14705.0,0.0,63.39704203605652
731,0.000384093465982005,0.055260561406612396,14705.0,0.0,62.858288288116455
732,0.00038394395960494876,0.05524980276823044,14705.0,0.0,64.22277116775513
733,0.0003838081320282072,0.05524003133177757,14705.0,0.0,176.676438331604
734,0.0003836662508547306,0.05522982031106949,14705.0,0.0,220.1636528968811
735,0.0003835121460724622,0.05521872639656067,14705.0,0.0,211.74627041816711
736,0.0003833862137980759,0.05520965903997421,14705.0,0.0,217.44444489479065
737,0.0003832643269561231,0.055200882256031036,14705.0,0.0,210.47314643859863
738,0.00038314147968776524,0.05519203469157219,14705.0,0.0,213.57781076431274
739,0.00038302858592942357,0.05518390238285065,14705.0,0.0,215.06325244903564
740,0.00038292710087262094,0.055176593363285065,14705.0,0.0,221.15096735954285
741,0.00038283460889942944,0.055169928818941116,14705.0,0.0,208.44565892219543
742,0.0003827552718576044,0.05516421049833298,14705.0,0.0,191.82111930847168
743,0.0003826994798146188,0.05516019091010094,14705.0,0.0,211.65769362449646
744,0.0003826142637990415,0.05515404790639877,14705.0,0.0,205.27024126052856
745,0.0003825587627943605,0.055150050669908524,14705.0,0.0,178.7936885356903
746,0.0003825125750154257,0.0551467202603817,14705.0,0.0,188.42132663726807
747,0.0003824603045359254,0.055142950266599655,14705.0,0.0,187.35426330566406
748,0.00038244269671849906,0.05514168366789818,14705.0,0.0,183.2700080871582
749,0.0003824253217317164,0.055140428245067596,14705.0,0.0,181.71874380111694
750,0.00038240314461290836,0.055138830095529556,14705.0,0.0,197.29172730445862
751,0.00038241996662691236,0.055140044540166855,14705.0,0.0,203.4879186153412
752,0.0003824463638011366,0.05514194816350937,14705.0,0.0,204.2133390903473
753,0.000382492522476241,0.055145274847745895,14705.0,0.0,200.09799361228943
754,0.0003825339372269809,0.05514825880527496,14705.0,0.0,201.97613310813904
755,0.00037521510967053473,0.05461814999580383,14705.0,0.0,205.39714074134827
756,0.00037145655369386077,0.05434390529990196,14705.0,0.0,210.0929741859436
757,0.00037168373819440603,0.0543605200946331,14705.0,0.0,237.434956073761
758,0.00037085896474309266,0.05430017411708832,14705.0,0.0,208.75889921188354
759,0.0003709861193783581,0.054309479892253876,14705.0,0.0,204.37998390197754
760,0.000370480032870546,0.054272424429655075,14705.0,0.0,208.64091897010803
761,0.0003705694107338786,0.05427897348999977,14705.0,0.0,202.02916860580444
762,0.0003704988630488515,0.054273806512355804,14705.0,0.0,205.17995691299438
763,0.0003702957765199244,0.05425892770290375,14705.0,0.0,208.02540731430054
764,0.00037035904824733734,0.054263561964035034,14705.0,0.0,202.10499668121338
765,0.00037020602030679584,0.05425235256552696,14705.0,0.0,196.6516625881195
766,0.00037019391311332583,0.05425146222114563,14705.0,0.0,217.94324159622192
767,0.00037005924968980253,0.054241593927145004,14705.0,0.0,201.41532468795776
768,0.00037006521597504616,0.05424203351140022,14705.0,0.0,224.01999711990356
769,0.00036992901004850864,0.054232049733400345,14705.0,0.0,205.123028755188
770,0.000369905901607126,0.05423035845160484,14705.0,0.0,214.6723747253418
771,0.00036981471930630505,0.054223671555519104,14705.0,0.0,198.02061438560486
772,0.0003697621577885002,0.054219815880060196,14705.0,0.0,211.01618432998657
773,0.00036968119093216956,0.054213881492614746,14705.0,0.0,206.04312372207642
774,0.00036962225567549467,0.05420956015586853,14705.0,0.0,210.54883337020874
775,0.0003695476916618645,0.05420409142971039,14705.0,0.0,205.32154083251953
776,0.0003694798215292394,0.05419911444187164,14705.0,0.0,202.7196877002716
777,0.0003694157348945737,0.054194413125514984,14705.0,0.0,214.33322405815125
778,0.0003693432081490755,0.05418909341096878,14705.0,0.0,209.00809025764465
779,0.00036927725886926055,0.05418425425887108,14705.0,0.0,208.6675214767456
780,0.00036920810816809535,0.05417918041348457,14705.0,0.0,221.20804357528687
781,0.0003691413439810276,0.054174281656742096,14705.0,0.0,193.09659814834595
782,0.0003690695739351213,0.05416901782155037,14705.0,0.0,207.73381853103638
783,0.000369004876120016,0.05416426807641983,14705.0,0.0,219.2047984600067
784,0.00036893028300255537,0.05415879189968109,14705.0,0.0,212.0038161277771
785,0.00036886410089209676,0.0541539341211319,14705.0,0.0,204.9736659526825
786,0.00036879192339256406,0.054148636758327484,14705.0,0.0,196.99019503593445
787,0.0003687239659484476,0.054143648594617844,14705.0,0.0,204.28988027572632
788,0.0003686541167553514,0.05413851886987686,14705.0,0.0,221.4100682735443
789,0.00036858455860055983,0.05413341149687767,14705.0,0.0,217.6718738079071
790,0.0003685159608721733,0.05412837117910385,14705.0,0.0,230.12960076332092
791,0.0003684446564875543,0.05412313714623451,14705.0,0.0,207.12578535079956
792,0.0003683745744638145,0.05411798879504204,14705.0,0.0,220.03906893730164
793,0.00036830315366387367,0.054112743586301804,14705.0,0.0,207.78980660438538
794,0.00036823502159677446,0.05410773679614067,14705.0,0.0,167.39734482765198
795,0.00036816555075347424,0.05410263314843178,14705.0,0.0,190.47953486442566
796,0.0003680927329696715,0.05409727990627289,14705.0,0.0,213.94574236869812
797,0.00036801997339352965,0.054091934114694595,14705.0,0.0,182.81919050216675
798,0.0003679537621792406,0.054087068885564804,14705.0,0.0,186.60059881210327
799,0.0003678784123621881,0.05408153310418129,14705.0,0.0,199.1237452030182
800,0.000367807864677161,0.05407634377479553,14705.0,0.0,232.86525106430054
801,0.0003677369677461684,0.054071132093667984,14705.0,0.0,205.96696996688843
802,0.00036766970879398286,0.054066188633441925,14705.0,0.0,202.92278575897217
803,0.000367597967851907,0.0540609136223793,14705.0,0.0,201.35681915283203
804,0.00036752462619915605,0.05405551940202713,14705.0,0.0,177.8420443534851
805,0.00036745023680850863,0.05405005067586899,14705.0,0.0,315.078670501709
806,0.0003673829196486622,0.054045096039772034,14705.0,0.0,340.9067497253418
807,0.00036730727879330516,0.05403953418135643,14705.0,0.0,314.63980627059937
808,0.00036723751691170037,0.05403440073132515,14705.0,0.0,191.73396348953247
809,0.0003671636222861707,0.054028965532779694,14705.0,0.0,74.31446313858032
810,0.00036709330743178725,0.05402379110455513,14705.0,0.0,73.58458423614502
811,0.0003670212463475764,0.05401849001646042,14705.0,0.0,74.48975086212158
812,0.0003669464495033026,0.05401298403739929,14705.0,0.0,84.57604026794434
813,0.00036687994725070894,0.05400808900594711,14705.0,0.0,91.9992196559906
814,0.0003668018616735935,0.054002340883016586,14705.0,0.0,253.80737853050232
815,0.0003667266864795238,0.05399680882692337,14705.0,0.0,179.9516236782074
816,0.00036665701190941036,0.05399167910218239,14705.0,0.0,180.7489562034607
817,0.00036658422322943807,0.0539863184094429,14705.0,0.0,181.20312881469727
818,0.0003665083204396069,0.05398072674870491,14705.0,0.0,176.85870361328125
819,0.00036643503699451685,0.05397533252835274,14705.0,0.0,177.64723348617554
820,0.0003663618117570877,0.053969938308000565,14705.0,0.0,172.9176731109619
821,0.0003662879462353885,0.05396449938416481,14705.0,0.0,180.32758402824402
822,0.00036621856270357966,0.05395938828587532,14705.0,0.0,177.31443047523499
823,0.00036614062264561653,0.05395364388823509,14705.0,0.0,186.6373827457428
824,0.00036606917274184525,0.053948380053043365,14705.0,0.0,208.5743489265442
825,0.00036599437589757144,0.05394287034869194,14705.0,0.0,205.07422995567322
826,0.0003659198700916022,0.05393737554550171,14705.0,0.0,210.61492323875427
827,0.000365839950973168,0.05393148586153984,14705.0,0.0,210.1351978778839
828,0.0003657702764030546,0.05392634868621826,14705.0,0.0,207.29976677894592
829,0.0003656935296021402,0.0539206936955452,14705.0,0.0,212.28387594223022
830,0.0003656185872387141,0.05391516536474228,14705.0,0.0,205.40665102005005
831,0.0003655416949186474,0.05390949919819832,14705.0,0.0,155.73327207565308
832,0.0003654694010037929,0.05390416458249092,14705.0,0.0,68.85684514045715
833,0.0003653931780718267,0.05389854311943054,14705.0,0.0,67.60345005989075
834,0.0003653206513263285,0.05389319732785225,14705.0,0.0,67.71511030197144
835,0.0003652428276836872,0.05388745293021202,14705.0,0.0,71.21845412254333
836,0.0003651705919764936,0.05388212576508522,14705.0,0.0,68.70111274719238
837,0.00036509038181975484,0.05387621000409126,14705.0,0.0,62.326119899749756
838,0.00036501672002486885,0.05387077108025551,14705.0,0.0,62.72041702270508
839,0.0003649411955848336,0.05386520177125931,14705.0,0.0,60.647093057632446
840,0.0003648631682153791,0.05385943874716759,14705.0,0.0,62.78804326057434
841,0.0003647885168902576,0.05385392904281616,14705.0,0.0,67.33299207687378
842,0.0003647084813565016,0.0538480207324028,14705.0,0.0,64.90839385986328
843,0.000364638224709779,0.05384283512830734,14705.0,0.0,65.14876985549927
844,0.0003645602846518159,0.05383708328008652,14705.0,0.0,63.994308948516846
845,0.0003644840617198497,0.05383145436644554,14705.0,0.0,64.64180517196655
846,0.00036440329859033227,0.053825486451387405,14705.0,0.0,66.8934257030487
847,0.0003643294039648026,0.05382003262639046,14705.0,0.0,61.99176478385925
848,0.0003642494266387075,0.0538141243159771,14705.0,0.0,61.36244511604309
849,0.0003641761722974479,0.05380871146917343,14705.0,0.0,64.57860779762268
850,0.0003640964569058269,0.05380282178521156,14705.0,0.0,63.56141901016235
851,0.00036401982652023435,0.0537971593439579,14705.0,0.0,64.21992206573486
852,0.0003639410715550184,0.053791340440511703,14705.0,0.0,62.32103896141052
853,0.000363862665835768,0.0537855438888073,14705.0,0.0,62.847095012664795
854,0.00036378513323143125,0.05377981439232826,14705.0,0.0,61.32348918914795
855,0.00036370541783981025,0.053773920983076096,14705.0,0.0,60.5594744682312
856,0.0003636291658040136,0.05376828461885452,14705.0,0.0,62.42150592803955
857,0.00036355265183374286,0.05376262962818146,14705.0,0.0,61.110087394714355
858,0.0003634708118624985,0.05375657603144646,14705.0,0.0,61.804073333740234
859,0.0003633956948760897,0.05375102162361145,14705.0,0.0,61.46003270149231
860,0.00036331251612864435,0.05374486744403839,14705.0,0.0,58.86913013458252
861,0.00036323629319667816,0.05373923107981682,14705.0,0.0,59.119173765182495
862,0.00036315753823146224,0.053733404725790024,14705.0,0.0,60.30319619178772
863,0.0003630775026977062,0.05372748151421547,14705.0,0.0,62.21264410018921
864,0.00036299816565588117,0.05372161418199539,14705.0,0.0,64.55615711212158
865,0.0003629207785706967,0.05371588468551636,14705.0,0.0,63.52516031265259
866,0.00036283937515690923,0.053709860891103745,14705.0,0.0,66.2570447921753
867,0.0003627632395364344,0.05370422825217247,14705.0,0.0,62.80270171165466
868,0.0003626768593676388,0.05369783192873001,14705.0,0.0,62.6457941532135
869,0.00036260174238123,0.05369227007031441,14705.0,0.0,61.89669466018677
870,0.0003625198150984943,0.05368620529770851,14705.0,0.0,61.963255405426025
871,0.00036244429065845907,0.05368061363697052,14705.0,0.0,61.07158041000366
872,0.00036236122832633555,0.05367445945739746,14705.0,0.0,60.529587507247925
873,0.0003622752265073359,0.05366809293627739,14705.0,0.0,60.50383687019348
874,0.00036220118636265397,0.053662605583667755,14705.0,0.0,59.13283705711365
875,0.0003621186478994787,0.05365649238228798,14705.0,0.0,61.33572816848755
876,0.00036204056232236326,0.05365070700645447,14705.0,0.0,62.198148250579834
877,0.0003619606723077595,0.05364478379487991,14705.0,0.0,62.092331647872925
878,0.00036187737714499235,0.05363861471414566,14705.0,0.0,60.587000608444214
879,0.0003618019982241094,0.05363302677869797,14705.0,0.0,60.22750759124756
880,0.00036171250394545496,0.05362639203667641,14705.0,0.0,61.176639795303345
881,0.0003616333706304431,0.05362052842974663,14705.0,0.0,63.41226053237915
882,0.00036155286943539977,0.05361455678939819,14705.0,0.0,59.82118821144104
883,0.0003614690212998539,0.05360834300518036,14705.0,0.0,63.86724281311035
884,0.000361387908924371,0.05360232666134834,14705.0,0.0,60.658437967300415
885,0.0003613051085267216,0.05359618365764618,14705.0,0.0,60.68732261657715
886,0.00036122344317846,0.05359012633562088,14705.0,0.0,61.57835006713867
887,0.00036114422255195677,0.053584251552820206,14705.0,0.0,61.62492275238037
888,0.00036105854087509215,0.05357789248228073,14705.0,0.0,62.28516745567322
889,0.00036098144482821226,0.05357217416167259,14705.0,0.0,65.10596561431885
890,0.00036089346394874156,0.05356564372777939,14705.0,0.0,62.902244329452515
891,0.00036081240978091955,0.05355963110923767,14705.0,0.0,60.23390316963196
892,0.00036073042429052293,0.053553543984889984,14705.0,0.0,60.26887130737305
893,0.00036064666346646845,0.05354732647538185,14705.0,0.0,60.68331694602966
894,0.000360559526598081,0.05354085564613342,14705.0,0.0,62.2235803604126
895,0.0003604794037528336,0.05353490635752678,14705.0,0.0,64.55669140815735
896,0.00036039503174833953,0.053528640419244766,14705.0,0.0,60.05964970588684
897,0.0003603098448365927,0.05352231487631798,14705.0,0.0,61.66084623336792
898,0.0003602282959036529,0.05351625755429268,14705.0,0.0,62.11999440193176
899,0.00036014342913404107,0.05350995436310768,14705.0,0.0,61.85238599777222
900,0.0003600606578402221,0.05350380390882492,14705.0,0.0,63.154123306274414
901,0.0003599739575292915,0.05349736288189888,14705.0,0.0,60.617398738861084
902,0.00035989005118608475,0.053491126745939255,14705.0,0.0,60.599578857421875
903,0.0003598037292249501,0.0534847117960453,14705.0,0.0,61.92103934288025
904,0.0003597242175601423,0.053478799760341644,14705.0,0.0,63.3882155418396
905,0.0003596375754568726,0.053472358733415604,14705.0,0.0,61.13694167137146
906,0.00035955460043624043,0.05346619337797165,14705.0,0.0,61.72951316833496
907,0.0003594703448470682,0.053459927439689636,14705.0,0.0,60.873239278793335
908,0.0003593816654756665,0.05345333367586136,14705.0,0.0,62.35977125167847
909,0.0003592981374822557,0.053447119891643524,14705.0,0.0,61.343756914138794
910,0.0003592154826037586,0.05344097316265106,14705.0,0.0,64.14708137512207
911,0.0003591293061617762,0.05343456193804741,14705.0,0.0,63.354411125183105
912,0.00035904371179640293,0.05342819541692734,14705.0,0.0,62.105141162872314
913,0.0003589584375731647,0.05342184752225876,14705.0,0.0,62.12937116622925
914,0.00035887263948097825,0.053415462374687195,14705.0,0.0,61.201313734054565
915,0.00035878692870028317,0.05340908467769623,14705.0,0.0,60.92064929008484
916,0.00035870185820385814,0.05340275168418884,14705.0,0.0,60.03217172622681
917,0.0003586154489312321,0.0533963218331337,14705.0,0.0,60.99240970611572
918,0.0003585219965316355,0.05338936299085617,14705.0,0.0,63.86995005607605
919,0.0003584414371289313,0.05338336527347565,14705.0,0.0,61.852556228637695
920,0.00035835051676258445,0.05337659269571304,14705.0,0.0,60.00759553909302
921,0.0003582657082006335,0.05337027460336685,14705.0,0.0,63.83062124252319
922,0.0003581775235943496,0.05336370691657066,14705.0,0.0,62.653878927230835
923,0.0003580923075787723,0.053357359021902084,14705.0,0.0,62.467560052871704
924,0.0003580086922738701,0.053351130336523056,14705.0,0.0,60.63262152671814
925,0.0003579194890335202,0.0533444806933403,14705.0,0.0,60.74385190010071
926,0.0003578314499463886,0.05333792045712471,14705.0,0.0,62.292755126953125
927,0.00035774437128566206,0.05333143100142479,14705.0,0.0,63.14261841773987
928,0.00035765371285378933,0.05332467332482338,14705.0,0.0,60.579625606536865
929,0.0003575666050892323,0.05331818014383316,14705.0,0.0,66.83951878547668
930,0.0003574812435545027,0.05331181362271309,14705.0,0.0,67.41836452484131
931,0.0003573910507839173,0.05330508574843407,14705.0,0.0,62.9231858253479
932,0.00035730525269173086,0.05329868942499161,14705.0,0.0,62.189475536346436
933,0.00035721148014999926,0.053291693329811096,14705.0,0.0,63.05739617347717
934,0.00035712451790459454,0.053285207599401474,14705.0,0.0,63.17852807044983
935,0.000357035081833601,0.05327853560447693,14705.0,0.0,61.32020306587219
936,0.0003569448017515242,0.05327179655432701,14705.0,0.0,60.19963359832764
937,0.00035685853799805045,0.05326535925269127,14705.0,0.0,60.95434069633484
938,0.0003567669482436031,0.05325852334499359,14705.0,0.0,60.772979974746704
939,0.00035668007330968976,0.05325203761458397,14705.0,0.0,61.12314033508301
940,0.00035658589331433177,0.05324500799179077,14705.0,0.0,60.457228899002075
941,0.00035650088102556765,0.05323866009712219,14705.0,0.0,60.007333278656006
942,0.00035640940768644214,0.05323183164000511,14705.0,0.0,61.29808974266052
943,0.0003563243371900171,0.053225476294755936,14705.0,0.0,62.46315598487854
944,0.00035622791619971395,0.05321827530860901,14705.0,0.0,60.86811876296997
945,0.0003561421181075275,0.053211867809295654,14705.0,0.0,61.56452560424805
946,0.00035605349694378674,0.05320524796843529,14705.0,0.0,62.570992946624756
947,0.00035596141242422163,0.05319836363196373,14705.0,0.0,61.73687815666199
948,0.00035587113234214485,0.053191617131233215,14705.0,0.0,62.281002044677734
949,0.0003557803574949503,0.053184833377599716,14705.0,0.0,62.45178413391113
950,0.00035568574094213545,0.053177762776613235,14705.0,0.0,61.320287227630615
951,0.00035559662501327693,0.05317109823226929,14705.0,0.0,59.98288631439209
952,0.0003555107396095991,0.05316467955708504,14705.0,0.0,63.26205110549927
953,0.0003554125432856381,0.05315733700990677,14705.0,0.0,61.31553077697754
954,0.0003553250280674547,0.05315079167485237,14705.0,0.0,62.31347966194153
955,0.00035522697726264596,0.0531434565782547,14705.0,0.0,60.39658522605896
956,0.00035513873444870114,0.053136855363845825,14705.0,0.0,60.877946853637695
957,0.0003550451947376132,0.053129855543375015,14705.0,0.0,62.18510413169861
958,0.0003549561952240765,0.053123198449611664,14705.0,0.0,62.89035415649414
959,0.0003548627137206495,0.05311620235443115,14705.0,0.0,61.30361866950989
960,0.0003547724336385727,0.05310944467782974,14705.0,0.0,61.81784176826477
961,0.0003546793886926025,0.05310247838497162,14705.0,0.0,60.965932846069336
962,0.00035458969068713486,0.05309576541185379,14705.0,0.0,60.67687964439392
963,0.00035449970164336264,0.05308902636170387,14705.0,0.0,61.01632332801819
964,0.0003544004284776747,0.05308159068226814,14705.0,0.0,60.6250159740448
965,0.00035430840216577053,0.05307470262050629,14705.0,0.0,62.934821367263794
966,0.00035421247594058514,0.053067516535520554,14705.0,0.0,61.834128856658936
967,0.00035412769648246467,0.053061164915561676,14705.0,0.0,61.57662916183472
968,0.00035402775392867625,0.05305367335677147,14705.0,0.0,62.83424377441406
969,0.0003539377066772431,0.05304693058133125,14705.0,0.0,62.44782638549805
970,0.00035384431248530746,0.053039927035570145,14705.0,0.0,61.205350160598755
971,0.0003537449811119586,0.05303248390555382,14705.0,0.0,62.030168294906616
972,0.0003536558651831001,0.053025804460048676,14705.0,0.0,84.16871237754822
973,0.00035356174339540303,0.05301874876022339,14705.0,0.0,66.0021059513092
974,0.0003534636343829334,0.053011391311883926,14705.0,0.0,62.280068159103394
975,0.00035336968721821904,0.053004343062639236,14705.0,0.0,61.917569398880005
976,0.00035327309160493314,0.052997101098299026,14705.0,0.0,64.0335099697113
977,0.0003531827824190259,0.052990324795246124,14705.0,0.0,62.715174436569214
978,0.0003530875837896019,0.05298318341374397,14705.0,0.0,63.524107456207275
979,0.00035298982402309775,0.0529758483171463,14705.0,0.0,63.24248933792114
980,0.00035289220977574587,0.052968524396419525,14705.0,0.0,63.74778890609741
981,0.0003528029774315655,0.05296182632446289,14705.0,0.0,61.81586313247681
982,0.0003527027147356421,0.0529542975127697,14705.0,0.0,62.32442045211792
983,0.00035260969889350235,0.05294731631875038,14705.0,0.0,62.64361000061035
984,0.0003525099891703576,0.05293982848525047,14705.0,0.0,62.91919922828674
985,0.00035241403384134173,0.05293262377381325,14705.0,0.0,65.56791305541992
986,0.0003523204941302538,0.05292560160160065,14705.0,0.0,64.9763252735138
987,0.0003522257029544562,0.05291847884654999,14705.0,0.0,64.22872281074524
988,0.0003521286998875439,0.052911192178726196,14705.0,0.0,64.35248279571533
989,0.0003520330064930022,0.052904002368450165,14705.0,0.0,63.84589719772339
990,0.00035193629446439445,0.052896734327077866,14705.0,0.0,64.43099236488342
991,0.00035183579893782735,0.05288918316364288,14705.0,0.0,63.69182515144348
992,0.0003517445584293455,0.052882321178913116,14705.0,0.0,61.56558012962341
993,0.00035164266591891646,0.05287466198205948,14705.0,0.0,61.659916400909424
994,0.0003515475837048143,0.05286751314997673,14705.0,0.0,61.622493267059326
995,0.0003514476993586868,0.05286000296473503,14705.0,0.0,61.2158362865448
996,0.0003513552946969867,0.0528530515730381,14705.0,0.0,64.37727808952332
997,0.000351252150721848,0.052845295518636703,14705.0,0.0,61.924145221710205
998,0.0003511574468575418,0.052838169038295746,14705.0,0.0,63.47015953063965
999,0.000351058435626328,0.05283072218298912,14705.0,0.0,63.7904736995697
1000,0.0003509600064717233,0.05282331258058548,14705.0,0.0,63.28431725502014
1001,0.00035086277057416737,0.0528159961104393,14705.0,0.0,63.12495422363281
1002,0.0003507641959004104,0.052808575332164764,14705.0,0.0,61.38359785079956
1003,0.0003506610810291022,0.05280081182718277,14705.0,0.0,61.10547590255737
1004,0.0003505678032524884,0.05279378965497017,14705.0,0.0,61.28297019004822
1005,0.0003504675405565649,0.052786242216825485,14705.0,0.0,61.233134508132935
1006,0.00035036663757637143,0.052778638899326324,14705.0,0.0,62.792102575302124
1007,0.00035026916884817183,0.052771300077438354,14705.0,0.0,61.913360357284546
1008,0.0003501705068629235,0.05276386812329292,14705.0,0.0,63.722285747528076
1009,0.0003500690800137818,0.05275622382760048,14705.0,0.0,62.547892808914185
1010,0.0003499687009025365,0.0527486614882946,14705.0,0.0,61.13931488990784
1011,0.00034986945684067905,0.05274118110537529,14705.0,0.0,62.20747661590576
1012,0.0003497657016851008,0.05273335799574852,14705.0,0.0,61.45729446411133
1013,0.0003496691060718149,0.05272607505321503,14705.0,0.0,61.00778412818909
1014,0.00034956837771460414,0.05271848291158676,14705.0,0.0,61.5668740272522
1015,0.0003494694537948817,0.05271102115511894,14705.0,0.0,61.57350945472717
1016,0.00034937041345983744,0.052703551948070526,14705.0,0.0,61.607327699661255
1017,0.00034926566877402365,0.05269565060734749,14705.0,0.0,62.915207624435425
1018,0.00034916476579383016,0.05268803983926773,14705.0,0.0,65.22944760322571
1019,0.0003490637172944844,0.05268041417002678,14705.0,0.0,64.71713376045227
1020,0.00034896295983344316,0.05267281085252762,14705.0,0.0,206.44322776794434
1021,0.0003488619695417583,0.052665188908576965,14705.0,0.0,191.29605960845947
1022,0.00034876103745773435,0.05265756696462631,14705.0,0.0,226.10601687431335
1023,0.0003486543137114495,0.05264951288700104,14705.0,0.0,200.12222385406494
1024,0.00034855783451348543,0.052642226219177246,14705.0,0.0,198.13985514640808
1025,0.00034845538903027773,0.05263448879122734,14705.0,0.0,200.816157579422
1026,0.00034834849066101015,0.052626416087150574,14705.0,0.0,203.17216181755066
1027,0.00034825026523321867,0.05261899530887604,14705.0,0.0,200.69700694084167
1028,0.00034814554965123534,0.052611082792282104,14705.0,0.0,207.7436559200287
1029,0.0003480399027466774,0.0526030994951725,14705.0,0.0,123.93545413017273
1030,0.0003479384467937052,0.052595432847738266,14705.0,0.0,64.98462247848511
1031,0.00034783146111294627,0.052587345242500305,14705.0,0.0,67.0050208568573
1032,0.0003477322752587497,0.0525798462331295,14705.0,0.0,65.7438108921051
1033,0.0003476258716545999,0.05257180333137512,14705.0,0.0,150.67157173156738
1034,0.00034751667408272624,0.05256354436278343,14705.0,0.0,191.15826058387756
1035,0.00034741911804303527,0.05255616828799248,14705.0,0.0,205.0213384628296
1036,0.00034731271443888545,0.0525481179356575,14705.0,0.0,204.34916973114014
1037,0.00034721041447483003,0.0525403767824173,14705.0,0.0,186.3867268562317
1038,0.0003471042145974934,0.052532345056533813,14705.0,0.0,177.8544147014618
1039,0.0003469968505669385,0.05252422019839287,14705.0,0.0,181.6013765335083
1040,0.00034689687890931964,0.05251665040850639,14705.0,0.0,366.618980884552
1041,0.00034678622614592314,0.05250827223062515,14705.0,0.0,203.93219590187073
1042,0.0003466836060397327,0.05250050500035286,14705.0,0.0,207.16778755187988
1043,0.0003465769696049392,0.052492428570985794,14705.0,0.0,204.3878231048584
1044,0.00034647429129108787,0.052484653890132904,14705.0,0.0,208.18453526496887
1045,0.0003463678003754467,0.052476584911346436,14705.0,0.0,202.23839688301086
1046,0.00034625816624611616,0.052468281239271164,14705.0,0.0,207.42893052101135
1047,0.0003461548185441643,0.0524604506790638,14705.0,0.0,205.69348621368408
1048,0.00034604594111442566,0.052452199161052704,14705.0,0.0,207.81131553649902
1049,0.00034593691816553473,0.052443936467170715,14705.0,0.0,207.29962968826294
1050,0.0003458344435784966,0.05243616923689842,14705.0,0.0,209.03911232948303
1051,0.0003457244602032006,0.052427828311920166,14705.0,0.0,208.82433152198792
1052,0.00034561363281682134,0.052419427782297134,14705.0,0.0,204.191237449646
1053,0.00034550693817436695,0.05241133272647858,14705.0,0.0,205.7761971950531
1054,0.0003454002144280821,0.05240323767066002,14705.0,0.0,207.07558298110962
1055,0.00034528732066974044,0.052394673228263855,14705.0,0.0,200.99635076522827
1056,0.0003451801894698292,0.05238654464483261,14705.0,0.0,214.83499097824097
1057,0.0003450677322689444,0.052378010004758835,14705.0,0.0,212.33933091163635
1058,0.0003449590876698494,0.05236976593732834,14705.0,0.0,208.4337203502655
1059,0.0003448471543379128,0.05236126855015755,14705.0,0.0,203.82025122642517
1060,0.0003447352792136371,0.052352774888277054,14705.0,0.0,203.03034615516663
1061,0.000344625033903867,0.05234440043568611,14705.0,0.0,206.75010323524475
1062,0.0003445088514126837,0.052335578948259354,14705.0,0.0,204.52789330482483
1063,0.0003443982859607786,0.05232717841863632,14705.0,0.0,191.77722764015198
1064,0.00034428751678206027,0.0523187629878521,14705.0,0.0,205.47199058532715
1065,0.0003441748267505318,0.05231019854545593,14705.0,0.0,201.67267990112305
1066,0.0003440608852542937,0.05230154097080231,14705.0,0.0,211.53147411346436
1067,0.0003439526481088251,0.052293311804533005,14705.0,0.0,205.15989136695862
1068,0.0003438377461861819,0.05228457599878311,14705.0,0.0,204.33136892318726
1069,0.00034372168011032045,0.052275750786066055,14705.0,0.0,209.4985866546631
1070,0.0003436158294789493,0.05226770415902138,14705.0,0.0,185.27798652648926
1071,0.0003434965037740767,0.052258625626564026,14705.0,0.0,184.57428574562073
1072,0.0003433879464864731,0.052250366657972336,14705.0,0.0,183.75497889518738
1073,0.00034326573950238526,0.052241068333387375,14705.0,0.0,178.87225437164307
1074,0.00034315651282668114,0.052232757210731506,14705.0,0.0,178.74001622200012
1075,0.0003430475480854511,0.05222446471452713,14705.0,0.0,177.17821288108826
1076,0.00034293258795514703,0.05221571400761604,14705.0,0.0,177.8430483341217
1077,0.0003428152413107455,0.05220677703619003,14705.0,0.0,175.90821051597595
1078,0.0003427054325584322,0.052198413759469986,14705.0,0.0,175.56961393356323
1079,0.0003425885224714875,0.05218951031565666,14705.0,0.0,177.7273736000061
1080,0.00034247813164256513,0.05218110233545303,14705.0,0.0,177.69443726539612
1081,0.00034236619831062853,0.052172575145959854,14705.0,0.0,176.22751832008362
1082,0.0003422482986934483,0.052163589745759964,14705.0,0.0,176.67394518852234
1083,0.0003421323199290782,0.052154749631881714,14705.0,0.0,176.4522647857666
1084,0.0003420244320295751,0.05214652791619301,14705.0,0.0,176.15153861045837
1085,0.0003419114800635725,0.052137915045022964,14705.0,0.0,177.64058017730713
1086,0.0003417901461943984,0.052128665149211884,14705.0,0.0,176.19183492660522
1087,0.0003416802210267633,0.052120279520750046,14705.0,0.0,176.83136320114136
1088,0.0003415636601857841,0.052111390978097916,14705.0,0.0,177.13342809677124
1089,0.00034145437530241907,0.05210305005311966,14705.0,0.0,179.39592599868774
1090,0.000341337377903983,0.052094124257564545,14705.0,0.0,177.77313041687012
1091,0.0003412227379158139,0.052085377275943756,14705.0,0.0,176.21956658363342
1092,0.00034110512933693826,0.05207639932632446,14705.0,0.0,176.1017701625824
1093,0.0003409915661904961,0.05206773057579994,14705.0,0.0,175.69841194152832
1094,0.00034087273525074124,0.05205865576863289,14705.0,0.0,174.97399878501892
1095,0.0003407636540941894,0.05205032601952553,14705.0,0.0,176.3475615978241
1096,0.00034064604551531374,0.052041344344615936,14705.0,0.0,177.33643460273743
1097,0.00034052529372274876,0.052032120525836945,14705.0,0.0,175.90520071983337
1098,0.0003404169692657888,0.05202384293079376,14705.0,0.0,176.43078541755676
1099,0.0003403030859772116,0.052015140652656555,14705.0,0.0,175.77545833587646
1100,0.00034017875441350043,0.05200563743710518,14705.0,0.0,177.14285492897034
1101,0.0003400692658033222,0.051997266709804535,14705.0,0.0,176.4477550983429
1102,0.00033995177363976836,0.05198828503489494,14705.0,0.0,175.8002257347107
1103,0.000339833291945979,0.051979225128889084,14705.0,0.0,176.53044033050537
1104,0.0003397166437935084,0.05197030305862427,14705.0,0.0,178.3721845149994
1105,0.0003396005486138165,0.051961421966552734,14705.0,0.0,176.32868671417236
1106,0.00033948643249459565,0.05195268988609314,14705.0,0.0,177.02546977996826
1107,0.00033936527324840426,0.05194341763854027,14705.0,0.0,176.65923309326172
1108,0.0003392550570424646,0.05193498358130455,14705.0,0.0,176.38879585266113
1109,0.00033913456718437374,0.05192575976252556,14705.0,0.0,176.39868068695068
1110,0.00033901320421136916,0.051916465163230896,14705.0,0.0,175.6040027141571
1111,0.00033889798214659095,0.05190764367580414,14705.0,0.0,176.18519806861877
